-- phpMyAdmin SQL Dump
-- version 5.2.1
-- https://www.phpmyadmin.net/
--
-- Host: 127.0.0.1
-- Generation Time: Feb 17, 2026 at 01:06 PM
-- Server version: 10.4.32-MariaDB
-- PHP Version: 8.2.12

SET SQL_MODE = "NO_AUTO_VALUE_ON_ZERO";
START TRANSACTION;
SET time_zone = "+00:00";


/*!40101 SET @OLD_CHARACTER_SET_CLIENT=@@CHARACTER_SET_CLIENT */;
/*!40101 SET @OLD_CHARACTER_SET_RESULTS=@@CHARACTER_SET_RESULTS */;
/*!40101 SET @OLD_COLLATION_CONNECTION=@@COLLATION_CONNECTION */;
/*!40101 SET NAMES utf8mb4 */;

--
-- Database: `payroll_db`
--

-- --------------------------------------------------------

--
-- Table structure for table `departments`
--

CREATE TABLE `departments` (
  `id` int(11) NOT NULL,
  `department_name` varchar(100) NOT NULL,
  `department_code` varchar(20) NOT NULL,
  `description` text DEFAULT NULL,
  `created_at` timestamp NOT NULL DEFAULT current_timestamp(),
  `updated_at` timestamp NOT NULL DEFAULT current_timestamp() ON UPDATE current_timestamp()
) ENGINE=InnoDB DEFAULT CHARSET=utf8mb4 COLLATE=utf8mb4_general_ci;

--
-- Dumping data for table `departments`
--

INSERT INTO `departments` (`id`, `department_name`, `department_code`, `description`, `created_at`, `updated_at`) VALUES
(136, 'City Mayor Office', 'CMO', 'MAYOR OFFICE', '2026-01-26 16:34:54', '2026-01-26 16:57:58'),
(137, 'IT DEPT.', 'MITCS', '', '2026-01-28 05:48:48', '2026-01-28 05:48:48'),
(139, 'Engineer Office', 'BENRO', '', '2026-02-04 14:43:20', '2026-02-04 14:43:36');

-- --------------------------------------------------------

--
-- Table structure for table `employees`
--

CREATE TABLE `employees` (
  `id` int(11) NOT NULL,
  `employee_id` varchar(20) NOT NULL,
  `first_name` varchar(50) NOT NULL,
  `middle_name` varchar(50) DEFAULT NULL,
  `last_name` varchar(50) NOT NULL,
  `suffix` varchar(50) DEFAULT NULL,
  `sex` varchar(50) DEFAULT NULL,
  `date_of_birth` date DEFAULT NULL,
  `age` int(11) DEFAULT NULL,
  `email` varchar(100) DEFAULT NULL,
  `phone` varchar(20) DEFAULT NULL,
  `address` text DEFAULT NULL,
  `date_hired` date DEFAULT NULL,
  `department_id` int(11) DEFAULT NULL,
  `position_id` int(11) DEFAULT NULL,
  `employment_status` enum('Regular','Contractual','Job Order','Casual') DEFAULT 'Regular',
  `is_active` tinyint(1) DEFAULT 1,
  `created_at` timestamp NOT NULL DEFAULT current_timestamp(),
  `updated_at` timestamp NOT NULL DEFAULT current_timestamp() ON UPDATE current_timestamp()
) ENGINE=InnoDB DEFAULT CHARSET=utf8mb4 COLLATE=utf8mb4_general_ci;

--
-- Dumping data for table `employees`
--

INSERT INTO `employees` (`id`, `employee_id`, `first_name`, `middle_name`, `last_name`, `suffix`, `sex`, `date_of_birth`, `age`, `email`, `phone`, `address`, `date_hired`, `department_id`, `position_id`, `employment_status`, `is_active`, `created_at`, `updated_at`) VALUES
(38, 'EMP-2026-02', 'Ernest', 'Albayda', 'Alcala', 'III', 'Male', '2002-09-12', 23, 'Edgy@gmail.com', '9293528298', 'Eroreco Bacolod City', '2020-10-27', 136, 43, 'Regular', 1, '2026-01-26 16:59:18', '2026-01-26 17:00:02'),
(39, 'EMP-05-2026', 'Chester', 'B.', 'Serfino', '', 'Male', '1998-08-12', 27, 'godfredbendicio@gmail.com', '09123456789', '', '2019-03-12', 137, 44, 'Regular', 1, '2026-01-28 05:50:54', '2026-01-28 05:52:43'),
(41, '0004', 'Ramon', '', 'De Los Reyes', '', 'Male', '2006-06-20', 19, 'ramon@gmail.com', '09857483831', '', '2026-02-03', 136, 45, 'Regular', 1, '2026-02-03 06:59:26', '2026-02-03 07:02:53'),
(44, '0900535', 'Godfred', 'Albayda', 'Bendicio', '', 'Female', '2002-09-12', 23, 'ernest123@gmail.com', '09124321153', '', '2024-02-12', 139, 46, 'Regular', 1, '2026-02-04 14:46:58', '2026-02-04 14:46:58');

-- --------------------------------------------------------

--
-- Table structure for table `login_attempts`
--

CREATE TABLE `login_attempts` (
  `id` int(11) NOT NULL,
  `username` varchar(50) NOT NULL,
  `ip_address` varchar(45) NOT NULL,
  `attempt_time` timestamp NOT NULL DEFAULT current_timestamp(),
  `success` tinyint(1) DEFAULT 0
) ENGINE=InnoDB DEFAULT CHARSET=utf8mb4 COLLATE=utf8mb4_general_ci COMMENT='Login attempt tracking for security';

--
-- Dumping data for table `login_attempts`
--

INSERT INTO `login_attempts` (`id`, `username`, `ip_address`, `attempt_time`, `success`) VALUES
(1, 'admin', '::1', '2026-01-27 15:36:28', 0),
(2, 'admin', '::1', '2026-01-27 15:36:37', 0),
(3, 'admin', '::1', '2026-01-27 15:38:43', 0),
(4, 'admin', '::1', '2026-01-27 15:47:28', 0),
(5, 'admin', '::1', '2026-01-27 15:47:34', 0),
(6, 'admin', '::1', '2026-01-27 15:49:10', 0),
(7, 'administrator', '::1', '2026-01-27 15:49:20', 0),
(8, 'admin', '::1', '2026-01-27 15:49:33', 0);

-- --------------------------------------------------------

--
-- Table structure for table `payroll`
--

CREATE TABLE `payroll` (
  `id` int(11) NOT NULL,
  `employee_id` int(11) NOT NULL,
  `department_id` int(11) DEFAULT NULL,
  `salary_id` int(11) DEFAULT NULL,
  `payroll_period` varchar(50) NOT NULL,
  `payroll_month` varchar(20) NOT NULL,
  `payroll_year` int(11) NOT NULL,
  `period_type` enum('1-15','16-31') NOT NULL,
  `basic_salary` decimal(12,2) NOT NULL,
  `pera` decimal(12,2) DEFAULT 0.00,
  `gross_pay` decimal(12,2) NOT NULL,
  `wtax` decimal(12,2) DEFAULT 0.00,
  `philhealth` decimal(12,2) DEFAULT 0.00,
  `gsis` decimal(12,2) DEFAULT 0.00,
  `pagibig` decimal(12,2) DEFAULT 0.00,
  `provident` decimal(12,2) DEFAULT 0.00,
  `bcgeu` decimal(12,2) DEFAULT 0.00,
  `nocgem` decimal(12,2) DEFAULT 0.00,
  `bacgem` decimal(12,2) DEFAULT 0.00,
  `other_deductions` decimal(12,2) DEFAULT 0.00,
  `total_deductions` decimal(12,2) NOT NULL,
  `net_pay` decimal(12,2) NOT NULL,
  `status` enum('Draft','Approved','Paid') DEFAULT 'Draft',
  `created_at` timestamp NULL DEFAULT current_timestamp(),
  `updated_at` timestamp NULL DEFAULT current_timestamp() ON UPDATE current_timestamp()
) ENGINE=InnoDB DEFAULT CHARSET=utf8mb4 COLLATE=utf8mb4_general_ci;

--
-- Dumping data for table `payroll`
--

INSERT INTO `payroll` (`id`, `employee_id`, `department_id`, `salary_id`, `payroll_period`, `payroll_month`, `payroll_year`, `period_type`, `basic_salary`, `pera`, `gross_pay`, `wtax`, `philhealth`, `gsis`, `pagibig`, `provident`, `bcgeu`, `nocgem`, `bacgem`, `other_deductions`, `total_deductions`, `net_pay`, `status`, `created_at`, `updated_at`) VALUES
(50, 38, 136, 258, 'February 1-28, 2026', 'February', 2026, '', 13325.00, 2000.00, 15325.00, 0.00, 333.13, 1199.25, 200.00, 0.00, 0.00, 0.00, 0.00, 0.00, 1732.38, 13592.63, 'Paid', '2026-02-16 05:04:01', '2026-02-16 05:12:19'),
(51, 41, 136, 257, 'February 1-28, 2026', 'February', 2026, '', 13000.00, 2000.00, 15000.00, 0.00, 325.00, 1170.00, 200.00, 0.00, 0.00, 0.00, 0.00, 0.00, 1695.00, 13305.00, 'Paid', '2026-02-16 05:04:01', '2026-02-16 05:12:19'),
(52, 38, 136, 258, 'March 1-31, 2026', 'March', 2026, '', 13325.00, 2000.00, 15325.00, 0.00, 333.13, 1199.25, 200.00, 0.00, 0.00, 0.00, 0.00, 0.00, 1732.38, 13592.63, 'Paid', '2026-02-16 05:08:19', '2026-02-16 05:12:15'),
(53, 41, 136, 257, 'March 1-31, 2026', 'March', 2026, '', 13000.00, 2000.00, 15000.00, 0.00, 325.00, 1170.00, 200.00, 0.00, 0.00, 0.00, 0.00, 0.00, 1695.00, 13305.00, 'Paid', '2026-02-16 05:08:19', '2026-02-16 05:12:15'),
(54, 44, 139, 34, 'March 1-31, 2026', 'March', 2026, '', 20000.00, 2000.00, 22000.00, 0.00, 500.00, 1800.00, 200.00, 0.00, 0.00, 0.00, 0.00, 0.00, 2500.00, 19500.00, 'Paid', '2026-02-16 05:08:19', '2026-02-16 05:11:55'),
(55, 39, 137, 92, 'March 1-31, 2026', 'March', 2026, '', 37072.00, 2000.00, 39072.00, 2622.80, 926.80, 3336.48, 200.00, 0.00, 0.00, 0.00, 0.00, 0.00, 7086.08, 31985.92, 'Paid', '2026-02-16 05:08:19', '2026-02-16 05:11:40'),
(56, 38, 136, 258, 'October 1-31, 2026', 'October', 2026, '', 13325.00, 2000.00, 15325.00, 0.00, 333.13, 1199.25, 200.00, 0.00, 0.00, 0.00, 0.00, 0.00, 1732.38, 13592.63, 'Paid', '2026-02-16 05:08:53', '2026-02-16 05:10:42'),
(57, 41, 136, 257, 'October 1-31, 2026', 'October', 2026, '', 13000.00, 2000.00, 15000.00, 0.00, 325.00, 1170.00, 200.00, 0.00, 0.00, 0.00, 0.00, 0.00, 1695.00, 13305.00, 'Paid', '2026-02-16 05:08:53', '2026-02-16 05:10:42'),
(58, 44, 139, 34, 'October 1-31, 2026', 'October', 2026, '', 20000.00, 2000.00, 22000.00, 0.00, 500.00, 1800.00, 200.00, 0.00, 0.00, 0.00, 0.00, 0.00, 2500.00, 19500.00, 'Paid', '2026-02-16 05:08:53', '2026-02-16 05:11:58'),
(59, 39, 137, 92, 'October 1-31, 2026', 'October', 2026, '', 37072.00, 2000.00, 39072.00, 2622.80, 926.80, 3336.48, 200.00, 0.00, 0.00, 0.00, 0.00, 0.00, 7086.08, 31985.92, 'Paid', '2026-02-16 05:08:53', '2026-02-16 05:11:31'),
(60, 38, 136, 258, 'March 1-15, 2026', 'March', 2026, '1-15', 13325.00, 2000.00, 15325.00, 0.00, 333.13, 1199.25, 200.00, 0.00, 0.00, 0.00, 0.00, 0.00, 1732.38, 13592.63, 'Paid', '2026-02-16 05:12:45', '2026-02-16 05:13:06'),
(61, 41, 136, 257, 'March 1-15, 2026', 'March', 2026, '1-15', 13000.00, 2000.00, 15000.00, 0.00, 325.00, 1170.00, 200.00, 0.00, 0.00, 0.00, 0.00, 0.00, 1695.00, 13305.00, 'Paid', '2026-02-16 05:12:45', '2026-02-16 05:13:06'),
(62, 44, 139, 34, 'March 1-15, 2026', 'March', 2026, '1-15', 20000.00, 2000.00, 22000.00, 0.00, 500.00, 1800.00, 200.00, 0.00, 0.00, 0.00, 0.00, 0.00, 2500.00, 19500.00, 'Paid', '2026-02-16 05:12:45', '2026-02-16 05:13:22'),
(63, 39, 137, 92, 'March 1-15, 2026', 'March', 2026, '1-15', 37072.00, 2000.00, 39072.00, 2622.80, 926.80, 3336.48, 200.00, 0.00, 0.00, 0.00, 0.00, 0.00, 7086.08, 31985.92, 'Paid', '2026-02-16 05:12:45', '2026-02-16 05:13:33'),
(64, 38, 136, 258, 'November 1-15, 2026', 'November', 2026, '1-15', 13325.00, 2000.00, 15325.00, 0.00, 333.13, 1199.25, 200.00, 0.00, 0.00, 0.00, 0.00, 0.00, 1732.38, 13592.63, 'Paid', '2026-02-16 05:13:47', '2026-02-16 05:15:10'),
(65, 41, 136, 257, 'November 1-15, 2026', 'November', 2026, '1-15', 13000.00, 2000.00, 15000.00, 0.00, 325.00, 1170.00, 200.00, 0.00, 0.00, 0.00, 0.00, 0.00, 1695.00, 13305.00, 'Paid', '2026-02-16 05:13:47', '2026-02-16 05:15:10'),
(66, 44, 139, 34, 'November 1-15, 2026', 'November', 2026, '1-15', 20000.00, 2000.00, 22000.00, 0.00, 500.00, 1800.00, 200.00, 0.00, 0.00, 0.00, 0.00, 0.00, 2500.00, 19500.00, 'Paid', '2026-02-16 05:13:47', '2026-02-16 05:15:15'),
(67, 39, 137, 92, 'November 1-15, 2026', 'November', 2026, '1-15', 37072.00, 2000.00, 39072.00, 2622.80, 926.80, 3336.48, 200.00, 0.00, 0.00, 0.00, 0.00, 0.00, 7086.08, 31985.92, 'Paid', '2026-02-16 05:13:47', '2026-02-16 05:15:22'),
(68, 38, 136, 258, 'November 16-30, 2026', 'November', 2026, '', 13325.00, 2000.00, 15325.00, 0.00, 333.13, 1199.25, 200.00, 0.00, 0.00, 0.00, 0.00, 0.00, 1732.38, 13592.63, 'Paid', '2026-02-16 05:14:06', '2026-02-16 05:15:10'),
(69, 41, 136, 257, 'November 16-30, 2026', 'November', 2026, '', 13000.00, 2000.00, 15000.00, 0.00, 325.00, 1170.00, 200.00, 0.00, 0.00, 0.00, 0.00, 0.00, 1695.00, 13305.00, 'Paid', '2026-02-16 05:14:06', '2026-02-16 05:15:10'),
(70, 44, 139, 34, 'November 16-30, 2026', 'November', 2026, '', 20000.00, 2000.00, 22000.00, 0.00, 500.00, 1800.00, 200.00, 0.00, 0.00, 0.00, 0.00, 0.00, 2500.00, 19500.00, 'Paid', '2026-02-16 05:14:06', '2026-02-16 05:15:15'),
(71, 39, 137, 92, 'November 16-30, 2026', 'November', 2026, '', 37072.00, 2000.00, 39072.00, 2622.80, 926.80, 3336.48, 200.00, 0.00, 0.00, 0.00, 0.00, 0.00, 7086.08, 31985.92, 'Paid', '2026-02-16 05:14:06', '2026-02-16 05:15:22'),
(72, 38, 136, 258, 'February 1-28, 2026', 'February', 2026, '', 13325.00, 2000.00, 15325.00, 0.00, 333.13, 1199.25, 200.00, 0.00, 0.00, 0.00, 0.00, 0.00, 1732.38, 13592.63, 'Paid', '2026-02-16 05:14:40', '2026-02-16 05:15:39'),
(73, 41, 136, 257, 'February 1-28, 2026', 'February', 2026, '', 13000.00, 2000.00, 15000.00, 0.00, 325.00, 1170.00, 200.00, 0.00, 0.00, 0.00, 0.00, 0.00, 1695.00, 13305.00, 'Paid', '2026-02-16 05:14:40', '2026-02-16 05:15:39'),
(74, 44, 139, 34, 'February 1-28, 2026', 'February', 2026, '', 20000.00, 2000.00, 22000.00, 0.00, 500.00, 1800.00, 200.00, 0.00, 0.00, 0.00, 0.00, 0.00, 2500.00, 19500.00, 'Paid', '2026-02-16 05:14:40', '2026-02-16 05:15:48'),
(75, 39, 137, 92, 'February 1-28, 2026', 'February', 2026, '', 37072.00, 2000.00, 39072.00, 2622.80, 926.80, 3336.48, 200.00, 0.00, 0.00, 0.00, 0.00, 0.00, 7086.08, 31985.92, 'Paid', '2026-02-16 05:14:40', '2026-02-16 05:16:01'),
(76, 38, 136, 258, 'August 1-31, 2026', 'August', 2026, '', 13325.00, 2000.00, 15325.00, 0.00, 333.13, 1199.25, 200.00, 0.00, 0.00, 0.00, 0.00, 0.00, 1732.38, 13592.63, 'Paid', '2026-02-16 05:23:58', '2026-02-16 05:24:55'),
(77, 41, 136, 257, 'August 1-31, 2026', 'August', 2026, '', 13000.00, 2000.00, 15000.00, 0.00, 325.00, 1170.00, 200.00, 0.00, 0.00, 0.00, 0.00, 0.00, 1695.00, 13305.00, 'Paid', '2026-02-16 05:23:58', '2026-02-16 05:24:55'),
(78, 44, 139, 34, 'August 1-31, 2026', 'August', 2026, '', 20000.00, 2000.00, 22000.00, 0.00, 500.00, 1800.00, 200.00, 0.00, 0.00, 0.00, 0.00, 0.00, 2500.00, 19500.00, 'Paid', '2026-02-16 05:23:58', '2026-02-16 05:26:29'),
(79, 39, 137, 92, 'August 1-31, 2026', 'August', 2026, '', 37072.00, 2000.00, 39072.00, 2622.80, 926.80, 3336.48, 200.00, 0.00, 0.00, 0.00, 0.00, 0.00, 7086.08, 31985.92, 'Paid', '2026-02-16 05:23:58', '2026-02-16 05:27:08'),
(80, 38, 136, 258, 'April 1-30, 2026', 'April', 2026, '', 13325.00, 2000.00, 15325.00, 0.00, 333.13, 1199.25, 200.00, 0.00, 0.00, 0.00, 0.00, 0.00, 1732.38, 13592.63, 'Paid', '2026-02-17 11:20:55', '2026-02-17 11:40:00'),
(81, 41, 136, 257, 'April 1-30, 2026', 'April', 2026, '', 13000.00, 2000.00, 15000.00, 0.00, 325.00, 1170.00, 200.00, 0.00, 0.00, 0.00, 0.00, 0.00, 1695.00, 13305.00, 'Paid', '2026-02-17 11:20:55', '2026-02-17 11:40:00');

-- --------------------------------------------------------

--
-- Table structure for table `positions`
--

CREATE TABLE `positions` (
  `id` int(11) NOT NULL,
  `salary_id` int(11) DEFAULT NULL,
  `position_title` varchar(100) NOT NULL,
  `salary_grade` int(11) NOT NULL,
  `salary_step` int(11) DEFAULT 1,
  `basic_salary` decimal(12,2) NOT NULL,
  `department_id` int(11) DEFAULT NULL,
  `created_at` timestamp NOT NULL DEFAULT current_timestamp(),
  `updated_at` timestamp NOT NULL DEFAULT current_timestamp() ON UPDATE current_timestamp()
) ENGINE=InnoDB DEFAULT CHARSET=utf8mb4 COLLATE=utf8mb4_general_ci;

--
-- Dumping data for table `positions`
--

INSERT INTO `positions` (`id`, `salary_id`, `position_title`, `salary_grade`, `salary_step`, `basic_salary`, `department_id`, `created_at`, `updated_at`) VALUES
(42, 218, 'City Mayor', 30, 1, 188916.00, 136, '2026-01-26 16:35:44', '2026-01-26 16:35:44'),
(43, 257, 'Laborer I', 1, 1, 13000.00, 136, '2026-01-26 16:59:43', '2026-01-26 16:59:43'),
(44, 90, 'Accountant II', 14, 1, 35299.00, 137, '2026-01-28 05:52:28', '2026-01-28 05:52:28'),
(45, 258, 'Administrative Aide III', 1, 2, 13325.00, 136, '2026-02-03 07:02:01', '2026-02-03 07:02:01'),
(46, 34, 'Clerk III', 7, 1, 20000.00, 139, '2026-02-04 14:45:45', '2026-02-04 14:45:45');

-- --------------------------------------------------------

--
-- Table structure for table `salary`
--

CREATE TABLE `salary` (
  `salary_id` int(11) NOT NULL,
  `salary_code` varchar(50) NOT NULL,
  `salary_rate` decimal(10,2) NOT NULL,
  `salary_grade` varchar(20) DEFAULT NULL,
  `step_no` tinyint(4) NOT NULL DEFAULT 1,
  `created_at` timestamp NOT NULL DEFAULT current_timestamp(),
  `updated_at` timestamp NOT NULL DEFAULT current_timestamp() ON UPDATE current_timestamp()
) ENGINE=InnoDB DEFAULT CHARSET=utf8mb4 COLLATE=utf8mb4_general_ci;

--
-- Dumping data for table `salary`
--

INSERT INTO `salary` (`salary_id`, `salary_code`, `salary_rate`, `salary_grade`, `step_no`, `created_at`, `updated_at`) VALUES
(10, 'SG04-STEP1', 16000.00, '4', 1, '2026-01-21 02:47:43', '2026-01-21 02:47:43'),
(11, 'SG04-STEP2', 16400.00, '4', 2, '2026-01-21 02:47:43', '2026-01-21 02:47:43'),
(12, 'SG04-STEP3', 16805.00, '4', 3, '2026-01-21 02:47:43', '2026-01-21 02:47:43'),
(13, 'SG04-STEP4', 17215.00, '4', 4, '2026-01-21 02:47:43', '2026-01-21 02:47:43'),
(14, 'SG04-STEP5', 17630.00, '4', 5, '2026-01-21 02:47:43', '2026-01-21 02:47:43'),
(15, 'SG04-STEP6', 18050.00, '4', 6, '2026-01-21 02:47:43', '2026-01-21 02:47:43'),
(16, 'SG04-STEP7', 18475.00, '4', 7, '2026-01-21 02:47:43', '2026-01-21 02:47:43'),
(17, 'SG04-STEP8', 18905.00, '4', 8, '2026-01-21 02:47:43', '2026-01-21 02:47:43'),
(18, 'SG05-STEP1', 17000.00, '5', 1, '2026-01-21 02:47:43', '2026-01-21 02:47:43'),
(19, 'SG05-STEP2', 17425.00, '5', 2, '2026-01-21 02:47:43', '2026-01-21 02:47:43'),
(20, 'SG05-STEP3', 17855.00, '5', 3, '2026-01-21 02:47:43', '2026-01-21 02:47:43'),
(21, 'SG05-STEP4', 18290.00, '5', 4, '2026-01-21 02:47:43', '2026-01-21 02:47:43'),
(22, 'SG05-STEP5', 18730.00, '5', 5, '2026-01-21 02:47:43', '2026-01-21 02:47:43'),
(23, 'SG05-STEP6', 19175.00, '5', 6, '2026-01-21 02:47:43', '2026-01-21 02:47:43'),
(24, 'SG05-STEP7', 19625.00, '5', 7, '2026-01-21 02:47:43', '2026-01-21 02:47:43'),
(25, 'SG05-STEP8', 20080.00, '5', 8, '2026-01-21 02:47:43', '2026-01-21 02:47:43'),
(26, 'SG06-STEP1', 18500.00, '6', 1, '2026-01-21 02:47:43', '2026-01-21 02:47:43'),
(27, 'SG06-STEP2', 18963.00, '6', 2, '2026-01-21 02:47:43', '2026-01-21 02:47:43'),
(28, 'SG06-STEP3', 19430.00, '6', 3, '2026-01-21 02:47:43', '2026-01-21 02:47:43'),
(29, 'SG06-STEP4', 19903.00, '6', 4, '2026-01-21 02:47:43', '2026-01-21 02:47:43'),
(30, 'SG06-STEP5', 20381.00, '6', 5, '2026-01-21 02:47:43', '2026-01-21 02:47:43'),
(31, 'SG06-STEP6', 20864.00, '6', 6, '2026-01-21 02:47:43', '2026-01-21 02:47:43'),
(32, 'SG06-STEP7', 21352.00, '6', 7, '2026-01-21 02:47:43', '2026-01-21 02:47:43'),
(33, 'SG06-STEP8', 21846.00, '6', 8, '2026-01-21 02:47:43', '2026-01-21 02:47:43'),
(34, 'SG07-STEP1', 20000.00, '7', 1, '2026-01-21 02:47:43', '2026-01-21 02:47:43'),
(35, 'SG07-STEP2', 20500.00, '7', 2, '2026-01-21 02:47:43', '2026-01-21 02:47:43'),
(36, 'SG07-STEP3', 21008.00, '7', 3, '2026-01-21 02:47:43', '2026-01-21 02:47:43'),
(37, 'SG07-STEP4', 21521.00, '7', 4, '2026-01-21 02:47:43', '2026-01-21 02:47:43'),
(38, 'SG07-STEP5', 22041.00, '7', 5, '2026-01-21 02:47:43', '2026-01-21 02:47:43'),
(39, 'SG07-STEP6', 22567.00, '7', 6, '2026-01-21 02:47:43', '2026-01-21 02:47:43'),
(40, 'SG07-STEP7', 23100.00, '7', 7, '2026-01-21 02:47:43', '2026-01-21 02:47:43'),
(41, 'SG07-STEP8', 23639.00, '7', 8, '2026-01-21 02:47:43', '2026-01-21 02:47:43'),
(42, 'SG08-STEP1', 21500.00, '8', 1, '2026-01-21 02:47:43', '2026-01-21 02:47:43'),
(43, 'SG08-STEP2', 22038.00, '8', 2, '2026-01-21 02:47:43', '2026-01-21 02:47:43'),
(44, 'SG08-STEP3', 22583.00, '8', 3, '2026-01-21 02:47:43', '2026-01-21 02:47:43'),
(45, 'SG08-STEP4', 23134.00, '8', 4, '2026-01-21 02:47:43', '2026-01-21 02:47:43'),
(46, 'SG08-STEP5', 23691.00, '8', 5, '2026-01-21 02:47:43', '2026-01-21 02:47:43'),
(47, 'SG08-STEP6', 24255.00, '8', 6, '2026-01-21 02:47:43', '2026-01-21 02:47:43'),
(48, 'SG08-STEP7', 24826.00, '8', 7, '2026-01-21 02:47:43', '2026-01-21 02:47:43'),
(49, 'SG08-STEP8', 25404.00, '8', 8, '2026-01-21 02:47:43', '2026-01-21 02:47:43'),
(50, 'SG09-STEP1', 23000.00, '9', 1, '2026-01-21 02:47:43', '2026-01-21 02:47:43'),
(51, 'SG09-STEP2', 23575.00, '9', 2, '2026-01-21 02:47:43', '2026-01-21 02:47:43'),
(52, 'SG09-STEP3', 24158.00, '9', 3, '2026-01-21 02:47:43', '2026-01-21 02:47:43'),
(53, 'SG09-STEP4', 24747.00, '9', 4, '2026-01-21 02:47:43', '2026-01-21 02:47:43'),
(54, 'SG09-STEP5', 25342.00, '9', 5, '2026-01-21 02:47:43', '2026-01-21 02:47:43'),
(55, 'SG09-STEP6', 25944.00, '9', 6, '2026-01-21 02:47:43', '2026-01-21 02:47:43'),
(56, 'SG09-STEP7', 26553.00, '9', 7, '2026-01-21 02:47:43', '2026-01-21 02:47:43'),
(57, 'SG09-STEP8', 27169.00, '9', 8, '2026-01-21 02:47:43', '2026-01-21 02:47:43'),
(58, 'SG10-STEP1', 24500.00, '10', 1, '2026-01-21 02:47:43', '2026-01-21 02:47:43'),
(59, 'SG10-STEP2', 25113.00, '10', 2, '2026-01-21 02:47:43', '2026-01-21 02:47:43'),
(60, 'SG10-STEP3', 25733.00, '10', 3, '2026-01-21 02:47:43', '2026-01-21 02:47:43'),
(61, 'SG10-STEP4', 26359.00, '10', 4, '2026-01-21 02:47:43', '2026-01-21 02:47:43'),
(62, 'SG10-STEP5', 26992.00, '10', 5, '2026-01-21 02:47:43', '2026-01-21 02:47:43'),
(63, 'SG10-STEP6', 27632.00, '10', 6, '2026-01-21 02:47:43', '2026-01-21 02:47:43'),
(64, 'SG10-STEP7', 28279.00, '10', 7, '2026-01-21 02:47:43', '2026-01-21 02:47:43'),
(65, 'SG10-STEP8', 28933.00, '10', 8, '2026-01-21 02:47:43', '2026-01-21 02:47:43'),
(66, 'SG11-STEP1', 26641.00, '11', 1, '2026-01-21 02:47:43', '2026-01-21 02:47:43'),
(67, 'SG11-STEP2', 27307.00, '11', 2, '2026-01-21 02:47:43', '2026-01-21 02:47:43'),
(68, 'SG11-STEP3', 27981.00, '11', 3, '2026-01-21 02:47:43', '2026-01-21 02:47:43'),
(69, 'SG11-STEP4', 28662.00, '11', 4, '2026-01-21 02:47:43', '2026-01-21 02:47:43'),
(70, 'SG11-STEP5', 29351.00, '11', 5, '2026-01-21 02:47:43', '2026-01-21 02:47:43'),
(71, 'SG11-STEP6', 30047.00, '11', 6, '2026-01-21 02:47:43', '2026-01-21 02:47:43'),
(72, 'SG11-STEP7', 30751.00, '11', 7, '2026-01-21 02:47:43', '2026-01-21 02:47:43'),
(73, 'SG11-STEP8', 31463.00, '11', 8, '2026-01-21 02:47:43', '2026-01-21 02:47:43'),
(74, 'SG12-STEP1', 29165.00, '12', 1, '2026-01-21 02:47:43', '2026-01-21 02:47:43'),
(75, 'SG12-STEP2', 29894.00, '12', 2, '2026-01-21 02:47:43', '2026-01-21 02:47:43'),
(76, 'SG12-STEP3', 30631.00, '12', 3, '2026-01-21 02:47:43', '2026-01-21 02:47:43'),
(77, 'SG12-STEP4', 31377.00, '12', 4, '2026-01-21 02:47:43', '2026-01-21 02:47:43'),
(78, 'SG12-STEP5', 32131.00, '12', 5, '2026-01-21 02:47:43', '2026-01-21 02:47:43'),
(79, 'SG12-STEP6', 32894.00, '12', 6, '2026-01-21 02:47:43', '2026-01-21 02:47:43'),
(80, 'SG12-STEP7', 33665.00, '12', 7, '2026-01-21 02:47:43', '2026-01-21 02:47:43'),
(81, 'SG12-STEP8', 34445.00, '12', 8, '2026-01-21 02:47:43', '2026-01-21 02:47:43'),
(82, 'SG13-STEP1', 32053.00, '13', 1, '2026-01-21 02:47:43', '2026-01-21 02:47:43'),
(83, 'SG13-STEP2', 32855.00, '13', 2, '2026-01-21 02:47:43', '2026-01-21 02:47:43'),
(84, 'SG13-STEP3', 33666.00, '13', 3, '2026-01-21 02:47:43', '2026-01-21 02:47:43'),
(85, 'SG13-STEP4', 34485.00, '13', 4, '2026-01-21 02:47:43', '2026-01-21 02:47:43'),
(86, 'SG13-STEP5', 35313.00, '13', 5, '2026-01-21 02:47:43', '2026-01-21 02:47:43'),
(87, 'SG13-STEP6', 36150.00, '13', 6, '2026-01-21 02:47:43', '2026-01-21 02:47:43'),
(88, 'SG13-STEP7', 36996.00, '13', 7, '2026-01-21 02:47:43', '2026-01-21 02:47:43'),
(89, 'SG13-STEP8', 37851.00, '13', 8, '2026-01-21 02:47:43', '2026-01-21 02:47:43'),
(90, 'SG14-STEP1', 35299.00, '14', 1, '2026-01-21 02:47:43', '2026-01-21 02:47:43'),
(91, 'SG14-STEP2', 36181.00, '14', 2, '2026-01-21 02:47:43', '2026-01-21 02:47:43'),
(92, 'SG14-STEP3', 37072.00, '14', 3, '2026-01-21 02:47:43', '2026-01-21 02:47:43'),
(93, 'SG14-STEP4', 37972.00, '14', 4, '2026-01-21 02:47:43', '2026-01-21 02:47:43'),
(94, 'SG14-STEP5', 38881.00, '14', 5, '2026-01-21 02:47:43', '2026-01-21 02:47:43'),
(95, 'SG14-STEP6', 39799.00, '14', 6, '2026-01-21 02:47:43', '2026-01-21 02:47:43'),
(96, 'SG14-STEP7', 40726.00, '14', 7, '2026-01-21 02:47:43', '2026-01-21 02:47:43'),
(97, 'SG14-STEP8', 41662.00, '14', 8, '2026-01-21 02:47:43', '2026-01-21 02:47:43'),
(98, 'SG15-STEP1', 38916.00, '15', 1, '2026-01-21 02:47:43', '2026-01-21 02:47:43'),
(99, 'SG15-STEP2', 39887.00, '15', 2, '2026-01-21 02:47:43', '2026-01-21 02:47:43'),
(100, 'SG15-STEP3', 40867.00, '15', 3, '2026-01-21 02:47:43', '2026-01-21 02:47:43'),
(101, 'SG15-STEP4', 41856.00, '15', 4, '2026-01-21 02:47:43', '2026-01-21 02:47:43'),
(102, 'SG15-STEP5', 42854.00, '15', 5, '2026-01-21 02:47:43', '2026-01-21 02:47:43'),
(103, 'SG15-STEP6', 43861.00, '15', 6, '2026-01-21 02:47:43', '2026-01-21 02:47:43'),
(104, 'SG15-STEP7', 44877.00, '15', 7, '2026-01-21 02:47:43', '2026-01-21 02:47:43'),
(105, 'SG15-STEP8', 45902.00, '15', 8, '2026-01-21 02:47:43', '2026-01-21 02:47:43'),
(106, 'SG16-STEP1', 42933.00, '16', 1, '2026-01-21 02:47:43', '2026-01-21 02:47:43'),
(107, 'SG16-STEP2', 44006.00, '16', 2, '2026-01-21 02:47:43', '2026-01-21 02:47:43'),
(108, 'SG16-STEP3', 45088.00, '16', 3, '2026-01-21 02:47:43', '2026-01-21 02:47:43'),
(109, 'SG16-STEP4', 46179.00, '16', 4, '2026-01-21 02:47:43', '2026-01-21 02:47:43'),
(110, 'SG16-STEP5', 47279.00, '16', 5, '2026-01-21 02:47:43', '2026-01-21 02:47:43'),
(111, 'SG16-STEP6', 48388.00, '16', 6, '2026-01-21 02:47:43', '2026-01-21 02:47:43'),
(112, 'SG16-STEP7', 49506.00, '16', 7, '2026-01-21 02:47:43', '2026-01-21 02:47:43'),
(113, 'SG16-STEP8', 50633.00, '16', 8, '2026-01-21 02:47:43', '2026-01-21 02:47:43'),
(114, 'SG17-STEP1', 47424.00, '17', 1, '2026-01-21 02:47:43', '2026-01-21 02:47:43'),
(115, 'SG17-STEP2', 48609.00, '17', 2, '2026-01-21 02:47:43', '2026-01-21 02:47:43'),
(116, 'SG17-STEP3', 49803.00, '17', 3, '2026-01-21 02:47:43', '2026-01-21 02:47:43'),
(117, 'SG17-STEP4', 51006.00, '17', 4, '2026-01-21 02:47:43', '2026-01-21 02:47:43'),
(118, 'SG17-STEP5', 52218.00, '17', 5, '2026-01-21 02:47:43', '2026-01-21 02:47:43'),
(119, 'SG17-STEP6', 53439.00, '17', 6, '2026-01-21 02:47:43', '2026-01-21 02:47:43'),
(120, 'SG17-STEP7', 54669.00, '17', 7, '2026-01-21 02:47:43', '2026-01-21 02:47:43'),
(121, 'SG17-STEP8', 55908.00, '17', 8, '2026-01-21 02:47:43', '2026-01-21 02:47:43'),
(122, 'SG18-STEP1', 52455.00, '18', 1, '2026-01-21 02:47:43', '2026-01-21 02:47:43'),
(123, 'SG18-STEP2', 53766.00, '18', 2, '2026-01-21 02:47:43', '2026-01-21 02:47:43'),
(124, 'SG18-STEP3', 55086.00, '18', 3, '2026-01-21 02:47:43', '2026-01-21 02:47:43'),
(125, 'SG18-STEP4', 56415.00, '18', 4, '2026-01-21 02:47:43', '2026-01-21 02:47:43'),
(126, 'SG18-STEP5', 57753.00, '18', 5, '2026-01-21 02:47:43', '2026-01-21 02:47:43'),
(127, 'SG18-STEP6', 59100.00, '18', 6, '2026-01-21 02:47:43', '2026-01-21 02:47:43'),
(128, 'SG18-STEP7', 60456.00, '18', 7, '2026-01-21 02:47:43', '2026-01-21 02:47:43'),
(129, 'SG18-STEP8', 61821.00, '18', 8, '2026-01-21 02:47:43', '2026-01-21 02:47:43'),
(130, 'SG19-STEP1', 58118.00, '19', 1, '2026-01-21 02:47:43', '2026-01-21 02:47:43'),
(131, 'SG19-STEP2', 59571.00, '19', 2, '2026-01-21 02:47:43', '2026-01-21 02:47:43'),
(132, 'SG19-STEP3', 61033.00, '19', 3, '2026-01-21 02:47:43', '2026-01-21 02:47:43'),
(133, 'SG19-STEP4', 62504.00, '19', 4, '2026-01-21 02:47:43', '2026-01-21 02:47:43'),
(134, 'SG19-STEP5', 63984.00, '19', 5, '2026-01-21 02:47:43', '2026-01-21 02:47:43'),
(135, 'SG19-STEP6', 65473.00, '19', 6, '2026-01-21 02:47:43', '2026-01-21 02:47:43'),
(136, 'SG19-STEP7', 66971.00, '19', 7, '2026-01-21 02:47:43', '2026-01-21 02:47:43'),
(137, 'SG19-STEP8', 68478.00, '19', 8, '2026-01-21 02:47:43', '2026-01-21 02:47:43'),
(138, 'SG20-STEP1', 64474.00, '20', 1, '2026-01-21 02:47:43', '2026-01-21 02:47:43'),
(139, 'SG20-STEP2', 66086.00, '20', 2, '2026-01-21 02:47:43', '2026-01-21 02:47:43'),
(140, 'SG20-STEP3', 67707.00, '20', 3, '2026-01-21 02:47:43', '2026-01-21 02:47:43'),
(141, 'SG20-STEP4', 69337.00, '20', 4, '2026-01-21 02:47:43', '2026-01-21 02:47:43'),
(142, 'SG20-STEP5', 70976.00, '20', 5, '2026-01-21 02:47:43', '2026-01-21 02:47:43'),
(143, 'SG20-STEP6', 72624.00, '20', 6, '2026-01-21 02:47:43', '2026-01-21 02:47:43'),
(144, 'SG20-STEP7', 74281.00, '20', 7, '2026-01-21 02:47:43', '2026-01-21 02:47:43'),
(145, 'SG20-STEP8', 75947.00, '20', 8, '2026-01-21 02:47:43', '2026-01-21 02:47:43'),
(146, 'SG21-STEP1', 71595.00, '21', 1, '2026-01-21 02:47:43', '2026-01-21 02:47:43'),
(147, 'SG21-STEP2', 73385.00, '21', 2, '2026-01-21 02:47:43', '2026-01-21 02:47:43'),
(148, 'SG21-STEP3', 75184.00, '21', 3, '2026-01-21 02:47:43', '2026-01-21 02:47:43'),
(149, 'SG21-STEP4', 76992.00, '21', 4, '2026-01-21 02:47:43', '2026-01-21 02:47:43'),
(150, 'SG21-STEP5', 78809.00, '21', 5, '2026-01-21 02:47:43', '2026-01-21 02:47:43'),
(151, 'SG21-STEP6', 80635.00, '21', 6, '2026-01-21 02:47:43', '2026-01-21 02:47:43'),
(152, 'SG21-STEP7', 82470.00, '21', 7, '2026-01-21 02:47:43', '2026-01-21 02:47:43'),
(153, 'SG21-STEP8', 84314.00, '21', 8, '2026-01-21 02:47:43', '2026-01-21 02:47:43'),
(154, 'SG22-STEP1', 79630.00, '22', 1, '2026-01-21 02:47:43', '2026-01-21 02:47:43'),
(155, 'SG22-STEP2', 81595.00, '22', 2, '2026-01-21 02:47:43', '2026-01-21 02:47:43'),
(156, 'SG22-STEP3', 83569.00, '22', 3, '2026-01-21 02:47:43', '2026-01-21 02:47:43'),
(157, 'SG22-STEP4', 85552.00, '22', 4, '2026-01-21 02:47:43', '2026-01-21 02:47:43'),
(158, 'SG22-STEP5', 87544.00, '22', 5, '2026-01-21 02:47:43', '2026-01-21 02:47:43'),
(159, 'SG22-STEP6', 89545.00, '22', 6, '2026-01-21 02:47:43', '2026-01-21 02:47:43'),
(160, 'SG22-STEP7', 91555.00, '22', 7, '2026-01-21 02:47:43', '2026-01-21 02:47:43'),
(161, 'SG22-STEP8', 93574.00, '22', 8, '2026-01-21 02:47:43', '2026-01-21 02:47:43'),
(162, 'SG23-STEP1', 88664.00, '23', 1, '2026-01-21 02:47:43', '2026-01-21 02:47:43'),
(163, 'SG23-STEP2', 90880.00, '23', 2, '2026-01-21 02:47:43', '2026-01-21 02:47:43'),
(164, 'SG23-STEP3', 93105.00, '23', 3, '2026-01-21 02:47:43', '2026-01-21 02:47:43'),
(165, 'SG23-STEP4', 95339.00, '23', 4, '2026-01-21 02:47:43', '2026-01-21 02:47:43'),
(166, 'SG23-STEP5', 97582.00, '23', 5, '2026-01-21 02:47:43', '2026-01-21 02:47:43'),
(167, 'SG23-STEP6', 99834.00, '23', 6, '2026-01-21 02:47:43', '2026-01-21 02:47:43'),
(168, 'SG23-STEP7', 102095.00, '23', 7, '2026-01-21 02:47:43', '2026-01-21 02:47:43'),
(169, 'SG23-STEP8', 104365.00, '23', 8, '2026-01-21 02:47:43', '2026-01-21 02:47:43'),
(170, 'SG24-STEP1', 98742.00, '24', 1, '2026-01-21 02:47:43', '2026-01-21 02:47:43'),
(171, 'SG24-STEP2', 101211.00, '24', 2, '2026-01-21 02:47:43', '2026-01-21 02:47:43'),
(172, 'SG24-STEP3', 103689.00, '24', 3, '2026-01-21 02:47:43', '2026-01-21 02:47:43'),
(173, 'SG24-STEP4', 106176.00, '24', 4, '2026-01-21 02:47:43', '2026-01-21 02:47:43'),
(174, 'SG24-STEP5', 108672.00, '24', 5, '2026-01-21 02:47:43', '2026-01-21 02:47:43'),
(175, 'SG24-STEP6', 111177.00, '24', 6, '2026-01-21 02:47:43', '2026-01-21 02:47:43'),
(176, 'SG24-STEP7', 113691.00, '24', 7, '2026-01-21 02:47:43', '2026-01-21 02:47:43'),
(177, 'SG24-STEP8', 116214.00, '24', 8, '2026-01-21 02:47:43', '2026-01-21 02:47:43'),
(178, 'SG25-STEP1', 109939.00, '25', 1, '2026-01-21 02:47:43', '2026-01-21 02:47:43'),
(179, 'SG25-STEP2', 112688.00, '25', 2, '2026-01-21 02:47:43', '2026-01-21 02:47:43'),
(180, 'SG25-STEP3', 115446.00, '25', 3, '2026-01-21 02:47:43', '2026-01-21 02:47:43'),
(181, 'SG25-STEP4', 118213.00, '25', 4, '2026-01-21 02:47:43', '2026-01-21 02:47:43'),
(182, 'SG25-STEP5', 120989.00, '25', 5, '2026-01-21 02:47:43', '2026-01-21 02:47:43'),
(183, 'SG25-STEP6', 123774.00, '25', 6, '2026-01-21 02:47:43', '2026-01-21 02:47:43'),
(184, 'SG25-STEP7', 126568.00, '25', 7, '2026-01-21 02:47:43', '2026-01-21 02:47:43'),
(185, 'SG25-STEP8', 129371.00, '25', 8, '2026-01-21 02:47:43', '2026-01-21 02:47:43'),
(186, 'SG26-STEP1', 122474.00, '26', 1, '2026-01-21 02:47:43', '2026-01-21 02:47:43'),
(187, 'SG26-STEP2', 125536.00, '26', 2, '2026-01-21 02:47:43', '2026-01-21 02:47:43'),
(188, 'SG26-STEP3', 128607.00, '26', 3, '2026-01-21 02:47:43', '2026-01-21 02:47:43'),
(189, 'SG26-STEP4', 131687.00, '26', 4, '2026-01-21 02:47:43', '2026-01-21 02:47:43'),
(190, 'SG26-STEP5', 134776.00, '26', 5, '2026-01-21 02:47:43', '2026-01-21 02:47:43'),
(191, 'SG26-STEP6', 137874.00, '26', 6, '2026-01-21 02:47:43', '2026-01-21 02:47:43'),
(192, 'SG26-STEP7', 140981.00, '26', 7, '2026-01-21 02:47:43', '2026-01-21 02:47:43'),
(193, 'SG26-STEP8', 144097.00, '26', 8, '2026-01-21 02:47:43', '2026-01-21 02:47:43'),
(194, 'SG27-STEP1', 136478.00, '27', 1, '2026-01-21 02:47:43', '2026-01-21 02:47:43'),
(195, 'SG27-STEP2', 139890.00, '27', 2, '2026-01-21 02:47:43', '2026-01-21 02:47:43'),
(196, 'SG27-STEP3', 143311.00, '27', 3, '2026-01-21 02:47:43', '2026-01-21 02:47:43'),
(197, 'SG27-STEP4', 146741.00, '27', 4, '2026-01-21 02:47:43', '2026-01-21 02:47:43'),
(198, 'SG27-STEP5', 150180.00, '27', 5, '2026-01-21 02:47:43', '2026-01-21 02:47:43'),
(199, 'SG27-STEP6', 153628.00, '27', 6, '2026-01-21 02:47:43', '2026-01-21 02:47:43'),
(200, 'SG27-STEP7', 157085.00, '27', 7, '2026-01-21 02:47:43', '2026-01-21 02:47:43'),
(201, 'SG27-STEP8', 160551.00, '27', 8, '2026-01-21 02:47:43', '2026-01-21 02:47:43'),
(202, 'SG28-STEP1', 152073.00, '28', 1, '2026-01-21 02:47:43', '2026-01-21 02:47:43'),
(203, 'SG28-STEP2', 155875.00, '28', 2, '2026-01-21 02:47:43', '2026-01-21 02:47:43'),
(204, 'SG28-STEP3', 159686.00, '28', 3, '2026-01-21 02:47:43', '2026-01-21 02:47:43'),
(205, 'SG28-STEP4', 163506.00, '28', 4, '2026-01-21 02:47:43', '2026-01-21 02:47:43'),
(206, 'SG28-STEP5', 167335.00, '28', 5, '2026-01-21 02:47:43', '2026-01-21 02:47:43'),
(207, 'SG28-STEP6', 171173.00, '28', 6, '2026-01-21 02:47:43', '2026-01-21 02:47:43'),
(208, 'SG28-STEP7', 175020.00, '28', 7, '2026-01-21 02:47:43', '2026-01-21 02:47:43'),
(209, 'SG28-STEP8', 178876.00, '28', 8, '2026-01-21 02:47:43', '2026-01-21 02:47:43'),
(210, 'SG29-STEP1', 169518.00, '29', 1, '2026-01-21 02:47:43', '2026-01-21 02:47:43'),
(211, 'SG29-STEP2', 173756.00, '29', 2, '2026-01-21 02:47:43', '2026-01-21 02:47:43'),
(212, 'SG29-STEP3', 178003.00, '29', 3, '2026-01-21 02:47:43', '2026-01-21 02:47:43'),
(213, 'SG29-STEP4', 182259.00, '29', 4, '2026-01-21 02:47:43', '2026-01-21 02:47:43'),
(214, 'SG29-STEP5', 186524.00, '29', 5, '2026-01-21 02:47:43', '2026-01-21 02:47:43'),
(215, 'SG29-STEP6', 190798.00, '29', 6, '2026-01-21 02:47:43', '2026-01-21 02:47:43'),
(216, 'SG29-STEP7', 195081.00, '29', 7, '2026-01-21 02:47:43', '2026-01-21 02:47:43'),
(217, 'SG29-STEP8', 199373.00, '29', 8, '2026-01-21 02:47:43', '2026-01-21 02:47:43'),
(218, 'SG30-STEP1', 188916.00, '30', 1, '2026-01-21 02:47:43', '2026-01-21 02:47:43'),
(219, 'SG30-STEP2', 193639.00, '30', 2, '2026-01-21 02:47:43', '2026-01-21 02:47:43'),
(220, 'SG30-STEP3', 198371.00, '30', 3, '2026-01-21 02:47:43', '2026-01-21 02:47:43'),
(221, 'SG30-STEP4', 203112.00, '30', 4, '2026-01-21 02:47:43', '2026-01-21 02:47:43'),
(222, 'SG30-STEP5', 207862.00, '30', 5, '2026-01-21 02:47:43', '2026-01-21 02:47:43'),
(223, 'SG30-STEP6', 212621.00, '30', 6, '2026-01-21 02:47:43', '2026-01-21 02:47:43'),
(224, 'SG30-STEP7', 217389.00, '30', 7, '2026-01-21 02:47:43', '2026-01-21 02:47:43'),
(225, 'SG30-STEP8', 222166.00, '30', 8, '2026-01-21 02:47:43', '2026-01-21 02:47:43'),
(226, 'SG31-STEP1', 210456.00, '31', 1, '2026-01-21 02:47:43', '2026-01-21 02:47:43'),
(227, 'SG31-STEP2', 215717.00, '31', 2, '2026-01-21 02:47:43', '2026-01-21 02:47:43'),
(228, 'SG31-STEP3', 220987.00, '31', 3, '2026-01-21 02:47:43', '2026-01-21 02:47:43'),
(229, 'SG31-STEP4', 226266.00, '31', 4, '2026-01-21 02:47:43', '2026-01-21 02:47:43'),
(230, 'SG31-STEP5', 231554.00, '31', 5, '2026-01-21 02:47:43', '2026-01-21 02:47:43'),
(231, 'SG31-STEP6', 236851.00, '31', 6, '2026-01-21 02:47:43', '2026-01-21 02:47:43'),
(232, 'SG31-STEP7', 242157.00, '31', 7, '2026-01-21 02:47:43', '2026-01-21 02:47:43'),
(233, 'SG31-STEP8', 247472.00, '31', 8, '2026-01-21 02:47:43', '2026-01-21 02:47:43'),
(234, 'SG32-STEP1', 234561.00, '32', 1, '2026-01-21 02:47:43', '2026-01-21 02:47:43'),
(235, 'SG32-STEP2', 240400.00, '32', 2, '2026-01-21 02:47:43', '2026-01-21 02:47:43'),
(236, 'SG32-STEP3', 246248.00, '32', 3, '2026-01-21 02:47:43', '2026-01-21 02:47:43'),
(237, 'SG32-STEP4', 252105.00, '32', 4, '2026-01-21 02:47:43', '2026-01-21 02:47:43'),
(238, 'SG32-STEP5', 257971.00, '32', 5, '2026-01-21 02:47:43', '2026-01-21 02:47:43'),
(239, 'SG32-STEP6', 263846.00, '32', 6, '2026-01-21 02:47:43', '2026-01-21 02:47:43'),
(240, 'SG32-STEP7', 269730.00, '32', 7, '2026-01-21 02:47:43', '2026-01-21 02:47:43'),
(241, 'SG32-STEP8', 275623.00, '32', 8, '2026-01-21 02:47:43', '2026-01-21 02:47:43'),
(242, 'SG33-STEP1', 261384.00, '33', 1, '2026-01-21 02:47:43', '2026-01-21 02:47:43'),
(243, 'SG33-STEP2', 267919.00, '33', 2, '2026-01-21 02:47:43', '2026-01-21 02:47:43'),
(244, 'SG33-STEP3', 274463.00, '33', 3, '2026-01-21 02:47:43', '2026-01-21 02:47:43'),
(245, 'SG33-STEP4', 281016.00, '33', 4, '2026-01-21 02:47:43', '2026-01-21 02:47:43'),
(246, 'SG33-STEP5', 287578.00, '33', 5, '2026-01-21 02:47:43', '2026-01-21 02:47:43'),
(247, 'SG33-STEP6', 294149.00, '33', 6, '2026-01-21 02:47:43', '2026-01-21 02:47:43'),
(248, 'SG33-STEP7', 300729.00, '33', 7, '2026-01-21 02:47:43', '2026-01-21 02:47:43'),
(249, 'SG33-STEP8', 307318.00, '33', 8, '2026-01-21 02:47:43', '2026-01-21 02:47:43'),
(257, 'SG01-STEP1', 13000.00, '1', 1, '2026-01-21 03:14:41', '2026-01-21 03:14:41'),
(258, 'SG01-STEP2', 13325.00, '1', 2, '2026-01-21 03:15:16', '2026-01-21 03:15:16'),
(259, 'SG01-STEP3', 13655.00, '1', 3, '2026-01-21 03:15:33', '2026-01-21 03:15:33'),
(260, 'SG01-STEP4', 13990.00, '1', 4, '2026-01-21 03:15:40', '2026-01-21 03:15:40'),
(261, 'SG01-STEP5', 14330.00, '1', 5, '2026-01-21 03:15:49', '2026-01-21 03:15:49'),
(262, 'SG01-STEP6', 14675.00, '1', 6, '2026-01-21 03:16:07', '2026-01-21 03:16:07'),
(263, 'SG01-STEP7', 15025.00, '1', 7, '2026-01-21 03:16:20', '2026-01-21 03:16:20'),
(264, 'SG01-STEP8', 15380.00, '1', 8, '2026-01-21 03:16:27', '2026-01-21 03:16:27'),
(265, 'SG02-STEP1', 14000.00, '2', 1, '2026-01-21 03:17:10', '2026-01-21 03:17:10'),
(266, 'SG02-STEP2', 14350.00, '2', 2, '2026-01-21 03:17:22', '2026-01-21 03:17:22'),
(267, 'SG02-STEP3', 14705.00, '2', 3, '2026-01-21 03:17:31', '2026-01-21 03:17:31'),
(268, 'SG02-STEP4', 15065.00, '2', 4, '2026-01-21 03:17:39', '2026-01-21 03:17:39'),
(269, 'SG02-STEP5', 15430.00, '2', 5, '2026-01-21 03:17:51', '2026-01-21 03:17:51'),
(270, 'SG02-STEP6', 15800.00, '2', 6, '2026-01-21 03:18:10', '2026-01-21 03:18:10'),
(271, 'SG02-STEP7', 16175.00, '2', 7, '2026-01-21 03:18:20', '2026-01-21 03:18:20'),
(273, 'SG02-STEP8', 16555.00, '2', 8, '2026-01-21 03:18:53', '2026-01-21 03:18:53'),
(274, 'SG03-STEP1', 15000.00, '3', 1, '2026-01-21 03:19:49', '2026-01-21 03:19:49'),
(275, 'SG03-STEP2', 15375.00, '3', 2, '2026-01-21 03:19:56', '2026-01-21 03:19:56'),
(276, 'SG03-STEP3', 15755.00, '3', 3, '2026-01-21 03:20:04', '2026-01-21 03:20:04'),
(277, 'SG03-STEP4', 16140.00, '3', 4, '2026-01-21 03:20:11', '2026-01-21 03:20:11'),
(278, 'SG03-STEP5', 16530.00, '3', 5, '2026-01-21 03:20:17', '2026-01-21 03:20:17'),
(279, 'SG03-STEP6', 16925.00, '3', 6, '2026-01-21 03:20:27', '2026-01-21 03:20:27'),
(280, 'SG03-STEP7', 17325.00, '3', 7, '2026-01-21 03:20:37', '2026-01-21 03:20:37'),
(281, 'SG03-STEP8', 17730.00, '3', 8, '2026-01-21 03:20:46', '2026-01-21 03:20:46');

-- --------------------------------------------------------

--
-- Table structure for table `step_inc_history`
--

CREATE TABLE `step_inc_history` (
  `id` int(11) NOT NULL,
  `employee_id` int(11) NOT NULL,
  `step_inc` int(11) NOT NULL COMMENT 'Step increment level (1-8)',
  `salary_id` int(11) DEFAULT NULL COMMENT 'Reference to salary table if used',
  `position_id` int(11) DEFAULT NULL COMMENT 'Reference to positions table',
  `is_active` enum('Y','N') NOT NULL DEFAULT 'Y' COMMENT 'Y = Active, N = Inactive',
  `created_at` timestamp NOT NULL DEFAULT current_timestamp(),
  `updated_at` timestamp NOT NULL DEFAULT current_timestamp() ON UPDATE current_timestamp()
) ENGINE=InnoDB DEFAULT CHARSET=utf8mb4 COLLATE=utf8mb4_general_ci;

--
-- Dumping data for table `step_inc_history`
--

INSERT INTO `step_inc_history` (`id`, `employee_id`, `step_inc`, `salary_id`, `position_id`, `is_active`, `created_at`, `updated_at`) VALUES
(4, 32, 2, 4, 40, 'Y', '2026-01-26 01:38:39', '2026-01-26 01:38:39');

-- --------------------------------------------------------

--
-- Table structure for table `users`
--

CREATE TABLE `users` (
  `id` int(11) NOT NULL,
  `username` varchar(50) NOT NULL,
  `password` varchar(255) NOT NULL,
  `full_name` varchar(100) NOT NULL,
  `email` varchar(100) DEFAULT NULL,
  `role` varchar(20) DEFAULT 'superadmin',
  `status` enum('active','inactive') DEFAULT 'active',
  `last_login` datetime DEFAULT NULL,
  `created_at` timestamp NOT NULL DEFAULT current_timestamp(),
  `updated_at` timestamp NOT NULL DEFAULT current_timestamp() ON UPDATE current_timestamp()
) ENGINE=InnoDB DEFAULT CHARSET=utf8mb4 COLLATE=utf8mb4_general_ci COMMENT='User accounts and authentication';

--
-- Dumping data for table `users`
--

INSERT INTO `users` (`id`, `username`, `password`, `full_name`, `email`, `role`, `status`, `last_login`, `created_at`, `updated_at`) VALUES
(1, 'admin', '$2y$10$svN5jkYZOARhTZ.Qqwvys.DyrfLKHOKzy.jy/.pcXe3xTkjjvhBqu', 'Administrator', 'admin@example.com', 'superadmin', 'active', '2026-02-17 19:23:51', '2026-01-27 15:34:42', '2026-02-17 11:23:51'),
(7, 'admin2', '$2y$10$92IXUNpkjO0rOQ5byMi.Ye4oKoEa3Ro9llC/.og/at2.uheWG/igi', 'Payroll Officer', 'payroll@payroll.gov', 'admin2', 'active', NULL, '2026-02-17 11:02:31', '2026-02-17 11:02:31'),
(8, 'admin3', '$2y$10$mAsxpzIWu8pdG.QtGG7yQu60AvJ4rPgz.ADixDta/t.hXVKDsIrSG', 'Godfred', 'godfredbendicio@gmail.com', 'admin2', 'active', '2026-02-17 19:44:14', '2026-02-17 11:12:38', '2026-02-17 11:44:14');

-- --------------------------------------------------------

--
-- Table structure for table `user_sessions`
--

CREATE TABLE `user_sessions` (
  `id` int(11) NOT NULL,
  `user_id` int(11) NOT NULL,
  `session_token` varchar(255) NOT NULL,
  `ip_address` varchar(45) NOT NULL,
  `user_agent` text DEFAULT NULL,
  `created_at` timestamp NOT NULL DEFAULT current_timestamp(),
  `expires_at` datetime NOT NULL,
  `is_active` tinyint(1) DEFAULT 1
) ENGINE=InnoDB DEFAULT CHARSET=utf8mb4 COLLATE=utf8mb4_general_ci COMMENT='Active user sessions';

--
-- Dumping data for table `user_sessions`
--

INSERT INTO `user_sessions` (`id`, `user_id`, `session_token`, `ip_address`, `user_agent`, `created_at`, `expires_at`, `is_active`) VALUES
(1, 1, '69f89f4f5ee264059357db799f5f72196236006fc62b61f1358a611f238eca76', '::1', 'Mozilla/5.0 (Windows NT 10.0; Win64; x64) AppleWebKit/537.36 (KHTML, like Gecko) Chrome/144.0.0.0 Safari/537.36', '2026-01-27 16:05:21', '2026-01-28 17:05:21', 0),
(2, 1, 'e841bebc0df746124e3fabd00e2e82eedd03abfb4f722dd53d1cd8809c8e0687', '::1', 'Mozilla/5.0 (Windows NT 10.0; Win64; x64) AppleWebKit/537.36 (KHTML, like Gecko) Chrome/144.0.0.0 Safari/537.36', '2026-01-27 16:05:30', '2026-01-28 17:05:30', 0),
(3, 1, 'fbc135ef21bb189053369bfc0ba18141428695837044926a061c3061250f02a1', '::1', 'Mozilla/5.0 (Windows NT 10.0; Win64; x64) AppleWebKit/537.36 (KHTML, like Gecko) Chrome/144.0.0.0 Safari/537.36', '2026-01-27 16:07:02', '2026-01-28 17:07:02', 0),
(4, 1, 'b7874948bb77a55481ad7a13829e8b93ac9cbb114b8ae30aa1b2bc06a42b56ec', '::1', 'Mozilla/5.0 (Windows NT 10.0; Win64; x64) AppleWebKit/537.36 (KHTML, like Gecko) Chrome/144.0.0.0 Safari/537.36', '2026-01-27 16:07:50', '2026-01-28 17:07:50', 1),
(5, 1, '6ce002b8038feae79ef65b8a1cd262dbcd70599ab51d1cd8fe575bb4e39b73cf', '::1', 'Mozilla/5.0 (Windows NT 10.0; Win64; x64) AppleWebKit/537.36 (KHTML, like Gecko) Chrome/144.0.0.0 Safari/537.36', '2026-01-27 16:19:01', '2026-01-28 17:19:01', 0),
(9, 1, '4694172dccd30f2e443d90109c871fb2b898b2c5103ab7afc1e438ac2ee61abb', '::1', 'Mozilla/5.0 (Windows NT 10.0; Win64; x64) AppleWebKit/537.36 (KHTML, like Gecko) Chrome/144.0.0.0 Safari/537.36', '2026-01-28 00:48:55', '2026-01-29 01:48:55', 1),
(10, 1, 'c766664354d80e65c56990327883d7b6fe217adb6b89185540cf4ec7dd866496', '::1', 'Mozilla/5.0 (Windows NT 10.0; Win64; x64) AppleWebKit/537.36 (KHTML, like Gecko) Chrome/144.0.0.0 Safari/537.36', '2026-01-28 03:10:39', '2026-01-29 04:10:39', 0),
(11, 1, '1c2a7ab054ece0d1238548d9ba5ed7c19d95a3091597f1e96e1cacd7bbe79957', '::1', 'Mozilla/5.0 (Windows NT 10.0; Win64; x64) AppleWebKit/537.36 (KHTML, like Gecko) Chrome/144.0.0.0 Safari/537.36', '2026-01-28 03:11:49', '2026-01-29 04:11:49', 0),
(12, 1, 'fc92a9ddbce7341639653bdd4403dbff9427f81929a560a8ab5d3edb575a153c', '::1', 'Mozilla/5.0 (Windows NT 10.0; Win64; x64) AppleWebKit/537.36 (KHTML, like Gecko) Chrome/144.0.0.0 Safari/537.36', '2026-01-28 03:12:10', '2026-01-29 04:12:10', 0),
(13, 1, '204a98da1806abda425e6dba494acfbec8b6313174be69978d4938cb65c1c54c', '::1', 'Mozilla/5.0 (Windows NT 10.0; Win64; x64) AppleWebKit/537.36 (KHTML, like Gecko) Chrome/144.0.0.0 Safari/537.36', '2026-01-28 03:12:16', '2026-01-29 04:12:16', 0),
(14, 1, '497c6590823d9e54fd793c3bc396f4f3a768d2af51c616d64ec59986bea6ddda', '::1', 'Mozilla/5.0 (Windows NT 10.0; Win64; x64) AppleWebKit/537.36 (KHTML, like Gecko) Chrome/144.0.0.0 Safari/537.36', '2026-01-28 05:29:10', '2026-01-29 06:29:10', 0),
(15, 1, '1d665820d980063b45577c761bb04c89bc19390bd700ba38f719955a32d91a1d', '::1', 'Mozilla/5.0 (Windows NT 10.0; Win64; x64) AppleWebKit/537.36 (KHTML, like Gecko) Chrome/144.0.0.0 Safari/537.36', '2026-01-28 05:40:32', '2026-01-29 06:40:32', 0),
(16, 1, '6584a891c36a61a09d8e51ab5f160c2a374e93d803bec4622058e8ad185c6818', '::1', 'Mozilla/5.0 (Windows NT 10.0; Win64; x64) AppleWebKit/537.36 (KHTML, like Gecko) Chrome/144.0.0.0 Safari/537.36', '2026-01-28 05:41:58', '2026-01-29 06:41:58', 0),
(17, 1, '9aeab0e71e906e3e2f2cb7fa4aac389762d1d80e2d5c93b8da85bbb0d83ef10a', '::1', 'Mozilla/5.0 (Windows NT 10.0; Win64; x64) AppleWebKit/537.36 (KHTML, like Gecko) Chrome/144.0.0.0 Safari/537.36', '2026-01-28 05:42:24', '2026-01-29 06:42:24', 0),
(18, 1, '28c5544339a8da97a8c8adc9f2348030fbff94520a9b079ae7d681869c90094d', '::1', 'Mozilla/5.0 (Windows NT 10.0; Win64; x64) AppleWebKit/537.36 (KHTML, like Gecko) Chrome/144.0.0.0 Safari/537.36', '2026-01-28 06:17:22', '2026-01-29 07:17:22', 0),
(19, 1, 'a75f88ff7cd65ccef0dc1af4d9c36f283d33b98be2f47e70f4d233f2e2958ad7', '::1', 'Mozilla/5.0 (Windows NT 10.0; Win64; x64) AppleWebKit/537.36 (KHTML, like Gecko) Chrome/144.0.0.0 Safari/537.36', '2026-01-28 06:18:02', '2026-01-29 07:18:02', 0),
(20, 1, '98605d539bef62f359c76573d69f158cdbf74b9aadc94a6eed9c07d8be690c27', '::1', 'Mozilla/5.0 (Windows NT 10.0; Win64; x64) AppleWebKit/537.36 (KHTML, like Gecko) Chrome/144.0.0.0 Safari/537.36', '2026-01-28 06:52:41', '2026-01-29 07:52:41', 0),
(21, 1, 'e532633e5feb2386ba124913a1d3ca5b22c684c14e854ccb5f06490d507f24a7', '::1', 'Mozilla/5.0 (Windows NT 10.0; Win64; x64) AppleWebKit/537.36 (KHTML, like Gecko) Chrome/144.0.0.0 Safari/537.36', '2026-01-28 07:07:49', '2026-01-29 08:07:49', 0),
(22, 1, 'c2af6b0d9c9cf2daa038b0b757562a9d641abd1a067f47cc35ce93f283abc39f', '::1', 'Mozilla/5.0 (Windows NT 10.0; Win64; x64) AppleWebKit/537.36 (KHTML, like Gecko) Chrome/144.0.0.0 Safari/537.36', '2026-01-28 07:08:35', '2026-01-29 08:08:35', 1),
(23, 1, '7532448fe64315421cdf9cc6af4179ae83338a76c1bfd0216b2421c1f68fca64', '::1', 'Mozilla/5.0 (Windows NT 10.0; Win64; x64) AppleWebKit/537.36 (KHTML, like Gecko) Chrome/144.0.0.0 Safari/537.36', '2026-02-03 06:49:34', '2026-02-04 07:49:34', 1),
(24, 1, '37f84530fb0c07115feb90acc5641b8658a8682635f705242b236d5b8defb8ef', '::1', 'Mozilla/5.0 (Windows NT 10.0; Win64; x64) AppleWebKit/537.36 (KHTML, like Gecko) Chrome/144.0.0.0 Safari/537.36', '2026-02-04 14:06:07', '2026-02-05 15:06:07', 1),
(25, 1, '39c77cf984c6f6f307e5ef1a1563c5f2199abd1ca79d9eb935a28a9a33864f00', '::1', 'Mozilla/5.0 (Windows NT 10.0; Win64; x64) AppleWebKit/537.36 (KHTML, like Gecko) Chrome/144.0.0.0 Safari/537.36', '2026-02-06 08:20:18', '2026-02-07 09:20:18', 0),
(26, 1, 'edb3328edf21973151cd805471ddcf60774030fa80e7ee68404414b1dd5462a0', '::1', 'Mozilla/5.0 (Windows NT 10.0; Win64; x64) AppleWebKit/537.36 (KHTML, like Gecko) Chrome/144.0.0.0 Safari/537.36', '2026-02-06 10:02:39', '2026-02-07 11:02:39', 1),
(27, 1, '42fb8586c39e8626e4740bfc52bb0c03c0aa3834c42686372165449e69592de9', '::1', 'Mozilla/5.0 (Windows NT 10.0; Win64; x64) AppleWebKit/537.36 (KHTML, like Gecko) Chrome/145.0.0.0 Safari/537.36', '2026-02-16 04:50:00', '2026-02-17 05:50:00', 1),
(28, 1, 'c88525ba6b5912af3d65b39675eae20886a624b0699cb4d1da5c6d7669ac9726', '::1', 'Mozilla/5.0 (Windows NT 10.0; Win64; x64) AppleWebKit/537.36 (KHTML, like Gecko) Chrome/145.0.0.0 Safari/537.36', '2026-02-17 10:54:38', '2026-02-18 11:54:38', 0),
(29, 1, '509500b10ae097b71543c3725e792478ff73e727d3f0b5f995f2731a17d81f0e', '::1', 'Mozilla/5.0 (Windows NT 10.0; Win64; x64) AppleWebKit/537.36 (KHTML, like Gecko) Chrome/145.0.0.0 Safari/537.36', '2026-02-17 11:04:52', '2026-02-18 12:04:52', 0),
(30, 1, '037e203314a1877bd7129dc560e057e7304ea09f84c48a9b8f615837032982ba', '::1', 'Mozilla/5.0 (Windows NT 10.0; Win64; x64) AppleWebKit/537.36 (KHTML, like Gecko) Chrome/145.0.0.0 Safari/537.36', '2026-02-17 11:11:43', '2026-02-18 12:11:43', 0),
(31, 8, '9cf0541dba3667ba37fc7a807070ee4f86dd84f61107692c9a918a9d0d4e562c', '::1', 'Mozilla/5.0 (Windows NT 10.0; Win64; x64) AppleWebKit/537.36 (KHTML, like Gecko) Chrome/145.0.0.0 Safari/537.36', '2026-02-17 11:12:48', '2026-02-18 12:12:48', 0),
(32, 1, 'c2b9ddaf868f7088077089bd1b4427e1eac48606efc4191df49a6a12e2f937b2', '::1', 'Mozilla/5.0 (Windows NT 10.0; Win64; x64) AppleWebKit/537.36 (KHTML, like Gecko) Chrome/145.0.0.0 Safari/537.36', '2026-02-17 11:13:45', '2026-02-18 12:13:45', 0),
(33, 8, 'a5111f1c91d274c9f31ba8d31d587399c03b0a765f490b71abef4b98b3951570', '::1', 'Mozilla/5.0 (Windows NT 10.0; Win64; x64) AppleWebKit/537.36 (KHTML, like Gecko) Chrome/145.0.0.0 Safari/537.36', '2026-02-17 11:14:27', '2026-02-18 12:14:27', 0),
(34, 1, '931184acce254962d4a74253216c07dc1114d00117abd1f8a8bae9d9909a22a0', '::1', 'Mozilla/5.0 (Windows NT 10.0; Win64; x64) AppleWebKit/537.36 (KHTML, like Gecko) Chrome/145.0.0.0 Safari/537.36', '2026-02-17 11:15:23', '2026-02-18 12:15:23', 0),
(35, 8, '5fbbb26b3ccabf5e2479864d8ab457330f744aa6de54c1ee8002c9bb1d1653cb', '::1', 'Mozilla/5.0 (Windows NT 10.0; Win64; x64) AppleWebKit/537.36 (KHTML, like Gecko) Chrome/145.0.0.0 Safari/537.36', '2026-02-17 11:15:34', '2026-02-18 12:15:34', 0),
(36, 1, '7666eb27e0a2b3d023a9974414a01d2d24a501c2cdef0da32382dc027b456cfc', '::1', 'Mozilla/5.0 (Windows NT 10.0; Win64; x64) AppleWebKit/537.36 (KHTML, like Gecko) Chrome/145.0.0.0 Safari/537.36', '2026-02-17 11:16:06', '2026-02-18 12:16:06', 0),
(37, 8, '9ca5e8d97cb6657cf73401f2f0fa5b1e2c6ae8f917818f3aad013c797fd8c4b1', '::1', 'Mozilla/5.0 (Windows NT 10.0; Win64; x64) AppleWebKit/537.36 (KHTML, like Gecko) Chrome/145.0.0.0 Safari/537.36', '2026-02-17 11:21:54', '2026-02-18 12:21:54', 0),
(38, 1, '387b45f53f406cd4fb906905b23038022651d329987d6207f80b707e5e4d2fdb', '::1', 'Mozilla/5.0 (Windows NT 10.0; Win64; x64) AppleWebKit/537.36 (KHTML, like Gecko) Chrome/145.0.0.0 Safari/537.36', '2026-02-17 11:23:51', '2026-02-18 12:23:51', 0),
(39, 8, 'f74549a2aba0dc8242c2da321cbf8a8728ad3b04a0e5cc52b4f8fc3e1062d210', '::1', 'Mozilla/5.0 (Windows NT 10.0; Win64; x64) AppleWebKit/537.36 (KHTML, like Gecko) Chrome/145.0.0.0 Safari/537.36', '2026-02-17 11:39:29', '2026-02-18 12:39:29', 0),
(40, 8, '20cfe1227e0ba4851b6cd885852b392eacf17ba8d8bce77b48b80dfedda16aae', '::1', 'Mozilla/5.0 (Windows NT 10.0; Win64; x64) AppleWebKit/537.36 (KHTML, like Gecko) Chrome/145.0.0.0 Safari/537.36', '2026-02-17 11:44:14', '2026-02-18 12:44:14', 0);

--
-- Indexes for dumped tables
--

--
-- Indexes for table `departments`
--
ALTER TABLE `departments`
  ADD PRIMARY KEY (`id`),
  ADD UNIQUE KEY `department_code` (`department_code`);

--
-- Indexes for table `employees`
--
ALTER TABLE `employees`
  ADD PRIMARY KEY (`id`),
  ADD UNIQUE KEY `employee_id` (`employee_id`),
  ADD KEY `idx_employees_department` (`department_id`),
  ADD KEY `idx_employees_position` (`position_id`),
  ADD KEY `idx_employees_active` (`is_active`),
  ADD KEY `idx_sex` (`sex`),
  ADD KEY `idx_date_of_birth` (`date_of_birth`);

--
-- Indexes for table `login_attempts`
--
ALTER TABLE `login_attempts`
  ADD PRIMARY KEY (`id`),
  ADD KEY `idx_username` (`username`),
  ADD KEY `idx_ip` (`ip_address`),
  ADD KEY `idx_time` (`attempt_time`);

--
-- Indexes for table `payroll`
--
ALTER TABLE `payroll`
  ADD PRIMARY KEY (`id`),
  ADD KEY `employee_id` (`employee_id`),
  ADD KEY `department_id` (`department_id`),
  ADD KEY `salary_id` (`salary_id`);

--
-- Indexes for table `positions`
--
ALTER TABLE `positions`
  ADD PRIMARY KEY (`id`),
  ADD KEY `department_id` (`department_id`),
  ADD KEY `idx_salary_grade` (`salary_grade`),
  ADD KEY `idx_salary_id` (`salary_id`);

--
-- Indexes for table `salary`
--
ALTER TABLE `salary`
  ADD PRIMARY KEY (`salary_id`),
  ADD UNIQUE KEY `salary_code` (`salary_code`);

--
-- Indexes for table `step_inc_history`
--
ALTER TABLE `step_inc_history`
  ADD PRIMARY KEY (`id`),
  ADD KEY `employee_id` (`employee_id`),
  ADD KEY `position_id` (`position_id`),
  ADD KEY `salary_id` (`salary_id`),
  ADD KEY `idx_step_inc_active` (`is_active`),
  ADD KEY `idx_step_inc_created` (`created_at`);

--
-- Indexes for table `users`
--
ALTER TABLE `users`
  ADD PRIMARY KEY (`id`),
  ADD UNIQUE KEY `username` (`username`),
  ADD KEY `idx_username` (`username`),
  ADD KEY `idx_status` (`status`);

--
-- Indexes for table `user_sessions`
--
ALTER TABLE `user_sessions`
  ADD PRIMARY KEY (`id`),
  ADD KEY `idx_token` (`session_token`),
  ADD KEY `idx_user` (`user_id`),
  ADD KEY `idx_active` (`is_active`);

--
-- AUTO_INCREMENT for dumped tables
--

--
-- AUTO_INCREMENT for table `departments`
--
ALTER TABLE `departments`
  MODIFY `id` int(11) NOT NULL AUTO_INCREMENT, AUTO_INCREMENT=140;

--
-- AUTO_INCREMENT for table `employees`
--
ALTER TABLE `employees`
  MODIFY `id` int(11) NOT NULL AUTO_INCREMENT, AUTO_INCREMENT=45;

--
-- AUTO_INCREMENT for table `login_attempts`
--
ALTER TABLE `login_attempts`
  MODIFY `id` int(11) NOT NULL AUTO_INCREMENT, AUTO_INCREMENT=9;

--
-- AUTO_INCREMENT for table `payroll`
--
ALTER TABLE `payroll`
  MODIFY `id` int(11) NOT NULL AUTO_INCREMENT, AUTO_INCREMENT=82;

--
-- AUTO_INCREMENT for table `positions`
--
ALTER TABLE `positions`
  MODIFY `id` int(11) NOT NULL AUTO_INCREMENT, AUTO_INCREMENT=47;

--
-- AUTO_INCREMENT for table `salary`
--
ALTER TABLE `salary`
  MODIFY `salary_id` int(11) NOT NULL AUTO_INCREMENT, AUTO_INCREMENT=282;

--
-- AUTO_INCREMENT for table `step_inc_history`
--
ALTER TABLE `step_inc_history`
  MODIFY `id` int(11) NOT NULL AUTO_INCREMENT, AUTO_INCREMENT=5;

--
-- AUTO_INCREMENT for table `users`
--
ALTER TABLE `users`
  MODIFY `id` int(11) NOT NULL AUTO_INCREMENT, AUTO_INCREMENT=9;

--
-- AUTO_INCREMENT for table `user_sessions`
--
ALTER TABLE `user_sessions`
  MODIFY `id` int(11) NOT NULL AUTO_INCREMENT, AUTO_INCREMENT=41;

--
-- Constraints for dumped tables
--

--
-- Constraints for table `employees`
--
ALTER TABLE `employees`
  ADD CONSTRAINT `employees_ibfk_1` FOREIGN KEY (`department_id`) REFERENCES `departments` (`id`) ON DELETE SET NULL,
  ADD CONSTRAINT `employees_ibfk_2` FOREIGN KEY (`position_id`) REFERENCES `positions` (`id`) ON DELETE SET NULL;

--
-- Constraints for table `payroll`
--
ALTER TABLE `payroll`
  ADD CONSTRAINT `payroll_ibfk_1` FOREIGN KEY (`employee_id`) REFERENCES `employees` (`id`),
  ADD CONSTRAINT `payroll_ibfk_2` FOREIGN KEY (`department_id`) REFERENCES `departments` (`id`),
  ADD CONSTRAINT `payroll_ibfk_3` FOREIGN KEY (`salary_id`) REFERENCES `salary` (`salary_id`);

--
-- Constraints for table `user_sessions`
--
ALTER TABLE `user_sessions`
  ADD CONSTRAINT `user_sessions_ibfk_1` FOREIGN KEY (`user_id`) REFERENCES `users` (`id`) ON DELETE CASCADE;
COMMIT;

/*!40101 SET CHARACTER_SET_CLIENT=@OLD_CHARACTER_SET_CLIENT */;
/*!40101 SET CHARACTER_SET_RESULTS=@OLD_CHARACTER_SET_RESULTS */;
/*!40101 SET COLLATION_CONNECTION=@OLD_COLLATION_CONNECTION */;
